sequence_id,complexity_level,n_states,program_bits,model,context_len,predict_len,h_model_bits_per_sym,h_gzip_bits_per_sym,h_gzip_is_negative,el_gzip,mean_invalid_mass,mean_valid_binary_mass
L1_0000,1,3,24,Qwen/Qwen2.5-3B,100,100,0.379241,0.0,False,0.379241,0.345966,0.654034
L1_0001,1,3,24,Qwen/Qwen2.5-3B,100,100,0.379647,0.0,False,0.379647,0.350003,0.649997
L1_0002,1,3,24,Qwen/Qwen2.5-3B,100,100,1.035226,0.0,False,1.035226,0.34317,0.65683
L1_0003,1,3,24,Qwen/Qwen2.5-3B,100,100,0.676571,0.0,False,0.676571,0.356693,0.643307
L1_0004,1,3,24,Qwen/Qwen2.5-3B,100,100,0.946389,0.0,False,0.946389,0.342502,0.657498
L1_0005,1,3,24,Qwen/Qwen2.5-3B,100,100,1.076658,0.0,False,1.076658,0.343269,0.656731
L1_0006,1,3,24,Qwen/Qwen2.5-3B,100,100,1.013096,0.0,False,1.013096,0.343978,0.656022
L1_0007,1,3,24,Qwen/Qwen2.5-3B,100,100,0.741564,0.08,False,0.661564,0.34005,0.65995
L1_0008,1,3,24,Qwen/Qwen2.5-3B,100,100,1.134203,0.0,False,1.134203,0.341428,0.658572
L1_0009,1,3,24,Qwen/Qwen2.5-3B,100,100,1.007123,0.0,False,1.007123,0.34388,0.65612
L1_0010,1,3,24,Qwen/Qwen2.5-3B,100,100,1.038118,0.0,False,1.038118,0.338843,0.661157
L1_0011,1,3,24,Qwen/Qwen2.5-3B,100,100,1.186932,0.0,False,1.186932,0.34304,0.65696
L1_0012,1,3,24,Qwen/Qwen2.5-3B,100,100,0.854638,0.0,False,0.854638,0.346515,0.653485
L1_0013,1,3,24,Qwen/Qwen2.5-3B,100,100,0.962624,0.0,False,0.962624,0.344709,0.655291
L1_0014,1,3,24,Qwen/Qwen2.5-3B,100,100,1.089202,0.0,False,1.089202,0.343788,0.656212
L1_0015,1,3,24,Qwen/Qwen2.5-3B,100,100,0.924794,0.0,False,0.924794,0.344922,0.655078
L1_0016,1,3,24,Qwen/Qwen2.5-3B,100,100,0.945582,0.0,False,0.945582,0.343687,0.656313
L1_0017,1,3,24,Qwen/Qwen2.5-3B,100,100,1.156947,0.0,False,1.156947,0.341673,0.658327
L1_0018,1,3,24,Qwen/Qwen2.5-3B,100,100,0.811665,0.0,False,0.811665,0.348581,0.651419
L1_0019,1,3,24,Qwen/Qwen2.5-3B,100,100,0.859091,0.0,False,0.859091,0.346168,0.653832
L1_0020,1,3,24,Qwen/Qwen2.5-3B,100,100,0.269932,0.0,False,0.269932,0.348519,0.651481
L1_0021,1,3,24,Qwen/Qwen2.5-3B,100,100,0.853445,0.0,False,0.853445,0.344558,0.655442
L1_0022,1,3,24,Qwen/Qwen2.5-3B,100,100,0.823907,0.0,False,0.823907,0.347291,0.652709
L1_0023,1,3,24,Qwen/Qwen2.5-3B,100,100,1.038628,0.0,False,1.038628,0.344552,0.655448
L1_0024,1,3,24,Qwen/Qwen2.5-3B,100,100,1.535865,0.0,False,1.535865,0.341327,0.658673
L1_0025,1,3,24,Qwen/Qwen2.5-3B,100,100,1.413475,0.0,False,1.413475,0.342759,0.657241
L1_0026,1,3,24,Qwen/Qwen2.5-3B,100,100,0.794684,0.0,False,0.794684,0.348701,0.651299
L1_0027,1,3,24,Qwen/Qwen2.5-3B,100,100,0.981888,0.0,False,0.981888,0.342314,0.657686
L1_0028,1,3,24,Qwen/Qwen2.5-3B,100,100,1.029513,0.0,False,1.029513,0.342207,0.657793
L1_0029,1,3,24,Qwen/Qwen2.5-3B,100,100,1.127459,0.0,False,1.127459,0.343675,0.656325
L1_0030,1,3,24,Qwen/Qwen2.5-3B,100,100,1.076337,0.08,False,0.996337,0.343263,0.656737
L1_0031,1,3,24,Qwen/Qwen2.5-3B,100,100,1.119935,0.0,False,1.119935,0.341532,0.658468
L1_0032,1,3,24,Qwen/Qwen2.5-3B,100,100,0.979819,0.0,False,0.979819,0.341915,0.658085
L1_0033,1,3,24,Qwen/Qwen2.5-3B,100,100,0.367701,0.0,False,0.367701,0.345569,0.654431
L1_0034,1,3,24,Qwen/Qwen2.5-3B,100,100,1.027701,0.0,False,1.027701,0.341713,0.658287
L1_0035,1,3,24,Qwen/Qwen2.5-3B,100,100,0.922182,0.08,False,0.842182,0.341644,0.658356
L1_0036,1,3,24,Qwen/Qwen2.5-3B,100,100,0.968503,0.0,False,0.968503,0.340702,0.659298
L1_0037,1,3,24,Qwen/Qwen2.5-3B,100,100,0.943754,0.0,False,0.943754,0.342861,0.657139
L1_0038,1,3,24,Qwen/Qwen2.5-3B,100,100,0.908169,0.0,False,0.908169,0.340817,0.659183
L1_0039,1,3,24,Qwen/Qwen2.5-3B,100,100,0.959529,0.0,False,0.959529,0.342699,0.657301
L1_0040,1,3,24,Qwen/Qwen2.5-3B,100,100,1.05894,0.0,False,1.05894,0.341566,0.658434
L1_0041,1,3,24,Qwen/Qwen2.5-3B,100,100,1.042425,0.0,False,1.042425,0.339679,0.660321
L1_0042,1,3,24,Qwen/Qwen2.5-3B,100,100,0.257517,0.0,False,0.257517,0.347374,0.652626
L1_0043,1,3,24,Qwen/Qwen2.5-3B,100,100,1.024545,0.0,False,1.024545,0.342848,0.657152
L1_0044,1,3,24,Qwen/Qwen2.5-3B,100,100,1.004847,0.08,False,0.924847,0.338729,0.661271
L1_0045,1,3,24,Qwen/Qwen2.5-3B,100,100,0.998458,0.0,False,0.998458,0.343979,0.656021
L1_0046,1,3,24,Qwen/Qwen2.5-3B,100,100,0.29104,0.0,False,0.29104,0.345264,0.654736
L1_0047,1,3,24,Qwen/Qwen2.5-3B,100,100,0.865854,0.0,False,0.865854,0.342311,0.657689
L1_0048,1,3,24,Qwen/Qwen2.5-3B,100,100,1.103158,0.0,False,1.103158,0.339772,0.660228
L1_0049,1,3,24,Qwen/Qwen2.5-3B,100,100,1.043645,0.0,False,1.043645,0.340622,0.659378
L1_0050,1,3,24,Qwen/Qwen2.5-3B,100,100,1.135549,0.08,False,1.055549,0.342031,0.657969
L1_0051,1,3,24,Qwen/Qwen2.5-3B,100,100,1.149546,0.08,False,1.069546,0.34101,0.65899
L1_0052,1,3,24,Qwen/Qwen2.5-3B,100,100,0.845159,0.0,False,0.845159,0.34204,0.65796
L1_0053,1,3,24,Qwen/Qwen2.5-3B,100,100,1.063278,0.0,False,1.063278,0.341694,0.658306
L1_0054,1,3,24,Qwen/Qwen2.5-3B,100,100,1.223197,0.0,False,1.223197,0.34542,0.65458
L1_0055,1,3,24,Qwen/Qwen2.5-3B,100,100,1.059989,0.0,False,1.059989,0.346458,0.653542
L1_0056,1,3,24,Qwen/Qwen2.5-3B,100,100,0.799094,0.0,False,0.799094,0.342023,0.657977
L1_0057,1,3,24,Qwen/Qwen2.5-3B,100,100,1.355092,0.4,False,0.955092,0.341137,0.658863
L1_0058,1,3,24,Qwen/Qwen2.5-3B,100,100,1.054102,0.0,False,1.054102,0.341023,0.658977
L1_0059,1,3,24,Qwen/Qwen2.5-3B,100,100,1.057432,0.0,False,1.057432,0.341485,0.658515
L1_0060,1,3,24,Qwen/Qwen2.5-3B,100,100,0.981767,0.0,False,0.981767,0.342546,0.657454
L1_0061,1,3,24,Qwen/Qwen2.5-3B,100,100,0.846857,0.0,False,0.846857,0.345059,0.654941
L1_0062,1,3,24,Qwen/Qwen2.5-3B,100,100,1.151943,0.0,False,1.151943,0.345351,0.654649
L1_0063,1,3,24,Qwen/Qwen2.5-3B,100,100,1.06007,0.08,False,0.98007,0.339807,0.660193
L1_0064,1,3,24,Qwen/Qwen2.5-3B,100,100,1.011736,0.0,False,1.011736,0.342122,0.657878
L1_0065,1,3,24,Qwen/Qwen2.5-3B,100,100,0.891658,0.0,False,0.891658,0.345999,0.654001
L1_0066,1,3,24,Qwen/Qwen2.5-3B,100,100,1.052549,0.0,False,1.052549,0.339499,0.660501
L1_0067,1,3,24,Qwen/Qwen2.5-3B,100,100,0.237118,0.0,False,0.237118,0.346998,0.653002
L1_0068,1,3,24,Qwen/Qwen2.5-3B,100,100,0.941546,0.96,False,-0.018454,0.339323,0.660677
L1_0069,1,3,24,Qwen/Qwen2.5-3B,100,100,0.313545,0.0,False,0.313545,0.344849,0.655151
L1_0070,1,3,24,Qwen/Qwen2.5-3B,100,100,1.195899,0.08,False,1.115899,0.341177,0.658823
L1_0071,1,3,24,Qwen/Qwen2.5-3B,100,100,1.009569,0.08,False,0.929569,0.339662,0.660338
L1_0072,1,3,24,Qwen/Qwen2.5-3B,100,100,0.999416,0.0,False,0.999416,0.343009,0.656991
L1_0073,1,3,24,Qwen/Qwen2.5-3B,100,100,1.166084,0.0,False,1.166084,0.340913,0.659087
L1_0074,1,3,24,Qwen/Qwen2.5-3B,100,100,1.1741,0.0,False,1.1741,0.341259,0.658741
L2_0000,2,4,40,Qwen/Qwen2.5-3B,100,100,0.736991,0.08,False,0.656991,0.340609,0.659391
L2_0001,2,4,40,Qwen/Qwen2.5-3B,100,100,1.46865,0.0,False,1.46865,0.341859,0.658141
L2_0002,2,4,40,Qwen/Qwen2.5-3B,100,100,1.000518,0.0,False,1.000518,0.342423,0.657577
L2_0003,2,4,40,Qwen/Qwen2.5-3B,100,100,0.847515,0.0,False,0.847515,0.341624,0.658376
L2_0004,2,4,40,Qwen/Qwen2.5-3B,100,100,1.07411,0.08,False,0.99411,0.342555,0.657445
L2_0005,2,4,40,Qwen/Qwen2.5-3B,100,100,0.855492,0.0,False,0.855492,0.347334,0.652666
L2_0006,2,4,40,Qwen/Qwen2.5-3B,100,100,0.979618,0.0,False,0.979618,0.34427,0.65573
L2_0007,2,4,40,Qwen/Qwen2.5-3B,100,100,1.018343,0.08,False,0.938343,0.340147,0.659853
L2_0008,2,4,40,Qwen/Qwen2.5-3B,100,100,1.002061,0.0,False,1.002061,0.34296,0.65704
L2_0009,2,4,40,Qwen/Qwen2.5-3B,100,100,1.13476,0.0,False,1.13476,0.340086,0.659914
L2_0010,2,4,40,Qwen/Qwen2.5-3B,100,100,1.024218,0.0,False,1.024218,0.345545,0.654455
L2_0011,2,4,40,Qwen/Qwen2.5-3B,100,100,1.183267,0.0,False,1.183267,0.343148,0.656852
L2_0012,2,4,40,Qwen/Qwen2.5-3B,100,100,0.841976,0.08,False,0.761976,0.340819,0.659181
L2_0013,2,4,40,Qwen/Qwen2.5-3B,100,100,1.188088,0.0,False,1.188088,0.345586,0.654414
L2_0014,2,4,40,Qwen/Qwen2.5-3B,100,100,0.812544,0.0,False,0.812544,0.348264,0.651736
L2_0015,2,4,40,Qwen/Qwen2.5-3B,100,100,1.11025,0.08,False,1.03025,0.340683,0.659317
L2_0016,2,4,40,Qwen/Qwen2.5-3B,100,100,1.149856,0.0,False,1.149856,0.342796,0.657204
L2_0017,2,4,40,Qwen/Qwen2.5-3B,100,100,1.073191,0.0,False,1.073191,0.345994,0.654006
L2_0018,2,4,40,Qwen/Qwen2.5-3B,100,100,1.102445,0.0,False,1.102445,0.345317,0.654683
L2_0019,2,4,40,Qwen/Qwen2.5-3B,100,100,0.768834,0.0,False,0.768834,0.348511,0.651489
L2_0020,2,4,40,Qwen/Qwen2.5-3B,100,100,0.749863,0.0,False,0.749863,0.348127,0.651873
L2_0021,2,4,40,Qwen/Qwen2.5-3B,100,100,0.844029,0.0,False,0.844029,0.341401,0.658599
L2_0022,2,4,40,Qwen/Qwen2.5-3B,100,100,1.081794,0.0,False,1.081794,0.341792,0.658208
L2_0023,2,4,40,Qwen/Qwen2.5-3B,100,100,0.978131,0.0,False,0.978131,0.341466,0.658534
L2_0024,2,4,40,Qwen/Qwen2.5-3B,100,100,0.791986,0.08,False,0.711986,0.351088,0.648912
L2_0025,2,4,40,Qwen/Qwen2.5-3B,100,100,1.348991,0.08,False,1.268991,0.341531,0.658469
L2_0026,2,4,40,Qwen/Qwen2.5-3B,100,100,1.012776,0.08,False,0.932776,0.343617,0.656383
L2_0027,2,4,40,Qwen/Qwen2.5-3B,100,100,1.283667,0.0,False,1.283667,0.3416,0.6584
L2_0028,2,4,40,Qwen/Qwen2.5-3B,100,100,1.010553,0.0,False,1.010553,0.339629,0.660371
L2_0029,2,4,40,Qwen/Qwen2.5-3B,100,100,0.991166,0.0,False,0.991166,0.342907,0.657093
L2_0030,2,4,40,Qwen/Qwen2.5-3B,100,100,0.927345,0.4,False,0.527345,0.339313,0.660687
L2_0031,2,4,40,Qwen/Qwen2.5-3B,100,100,1.141853,0.0,False,1.141853,0.341007,0.658993
L2_0032,2,4,40,Qwen/Qwen2.5-3B,100,100,1.035207,0.08,False,0.955207,0.342654,0.657346
L2_0033,2,4,40,Qwen/Qwen2.5-3B,100,100,1.066254,0.0,False,1.066254,0.345566,0.654434
L2_0034,2,4,40,Qwen/Qwen2.5-3B,100,100,1.055436,0.0,False,1.055436,0.342977,0.657023
L2_0035,2,4,40,Qwen/Qwen2.5-3B,100,100,1.161758,0.0,False,1.161758,0.345368,0.654632
L2_0036,2,4,40,Qwen/Qwen2.5-3B,100,100,0.837152,0.0,False,0.837152,0.347421,0.652579
L2_0037,2,4,40,Qwen/Qwen2.5-3B,100,100,1.100222,0.0,False,1.100222,0.339881,0.660119
L2_0038,2,4,40,Qwen/Qwen2.5-3B,100,100,0.887485,0.08,False,0.807485,0.343078,0.656922
L2_0039,2,4,40,Qwen/Qwen2.5-3B,100,100,1.182666,0.0,False,1.182666,0.345899,0.654101
L2_0040,2,4,40,Qwen/Qwen2.5-3B,100,100,1.137545,0.08,False,1.057545,0.341014,0.658986
L2_0041,2,4,40,Qwen/Qwen2.5-3B,100,100,1.156079,0.0,False,1.156079,0.342813,0.657187
L2_0042,2,4,40,Qwen/Qwen2.5-3B,100,100,1.048778,1.04,False,0.008778,0.342197,0.657803
L2_0043,2,4,40,Qwen/Qwen2.5-3B,100,100,0.263879,0.0,False,0.263879,0.348641,0.651359
L2_0044,2,4,40,Qwen/Qwen2.5-3B,100,100,0.989689,0.0,False,0.989689,0.341573,0.658427
L2_0045,2,4,40,Qwen/Qwen2.5-3B,100,100,1.168999,0.0,False,1.168999,0.344531,0.655469
L2_0046,2,4,40,Qwen/Qwen2.5-3B,100,100,1.058465,0.0,False,1.058465,0.341269,0.658731
L2_0047,2,4,40,Qwen/Qwen2.5-3B,100,100,1.247617,0.08,False,1.167617,0.339328,0.660672
L2_0048,2,4,40,Qwen/Qwen2.5-3B,100,100,1.075564,0.08,False,0.995564,0.341629,0.658371
L2_0049,2,4,40,Qwen/Qwen2.5-3B,100,100,1.408228,0.0,False,1.408228,0.341046,0.658954
L2_0050,2,4,40,Qwen/Qwen2.5-3B,100,100,0.673456,0.08,False,0.593456,0.34009,0.65991
L2_0051,2,4,40,Qwen/Qwen2.5-3B,100,100,1.133677,0.08,False,1.053677,0.341207,0.658793
L2_0052,2,4,40,Qwen/Qwen2.5-3B,100,100,1.003674,0.0,False,1.003674,0.341503,0.658497
L2_0053,2,4,40,Qwen/Qwen2.5-3B,100,100,1.047214,0.08,False,0.967214,0.340633,0.659367
L2_0054,2,4,40,Qwen/Qwen2.5-3B,100,100,0.219785,0.0,False,0.219785,0.349024,0.650976
L2_0055,2,4,40,Qwen/Qwen2.5-3B,100,100,0.274837,0.0,False,0.274837,0.350566,0.649434
L2_0056,2,4,40,Qwen/Qwen2.5-3B,100,100,0.907252,0.0,False,0.907252,0.347486,0.652514
L2_0057,2,4,40,Qwen/Qwen2.5-3B,100,100,0.877299,0.0,False,0.877299,0.345203,0.654797
L2_0058,2,4,40,Qwen/Qwen2.5-3B,100,100,1.098765,0.08,False,1.018765,0.340799,0.659201
L2_0059,2,4,40,Qwen/Qwen2.5-3B,100,100,1.167523,0.0,False,1.167523,0.342781,0.657219
L2_0060,2,4,40,Qwen/Qwen2.5-3B,100,100,1.104455,0.08,False,1.024455,0.341734,0.658266
L2_0061,2,4,40,Qwen/Qwen2.5-3B,100,100,1.090829,0.0,False,1.090829,0.339021,0.660979
L2_0062,2,4,40,Qwen/Qwen2.5-3B,100,100,1.197169,0.0,False,1.197169,0.344168,0.655832
L2_0063,2,4,40,Qwen/Qwen2.5-3B,100,100,1.110543,0.08,False,1.030543,0.33998,0.66002
L2_0064,2,4,40,Qwen/Qwen2.5-3B,100,100,1.080387,0.0,False,1.080387,0.339633,0.660367
L2_0065,2,4,40,Qwen/Qwen2.5-3B,100,100,1.290734,0.08,False,1.210734,0.339959,0.660041
L2_0066,2,4,40,Qwen/Qwen2.5-3B,100,100,1.247668,0.08,False,1.167668,0.340708,0.659292
L2_0067,2,4,40,Qwen/Qwen2.5-3B,100,100,0.968988,0.08,False,0.888988,0.339862,0.660138
L2_0068,2,4,40,Qwen/Qwen2.5-3B,100,100,0.700238,0.08,False,0.620238,0.339334,0.660666
L2_0069,2,4,40,Qwen/Qwen2.5-3B,100,100,1.111404,0.64,False,0.471404,0.341499,0.658501
L2_0070,2,4,40,Qwen/Qwen2.5-3B,100,100,1.225208,0.08,False,1.145208,0.339695,0.660305
L2_0071,2,4,40,Qwen/Qwen2.5-3B,100,100,0.993333,0.0,False,0.993333,0.342813,0.657187
L2_0072,2,4,40,Qwen/Qwen2.5-3B,100,100,0.711462,0.08,False,0.631462,0.340078,0.659922
L2_0073,2,4,40,Qwen/Qwen2.5-3B,100,100,1.326348,0.0,False,1.326348,0.343057,0.656943
L2_0074,2,4,40,Qwen/Qwen2.5-3B,100,100,1.028402,0.0,False,1.028402,0.341133,0.658867
L3_0000,3,5,50,Qwen/Qwen2.5-3B,100,100,1.070445,0.0,False,1.070445,0.347205,0.652795
L3_0001,3,5,50,Qwen/Qwen2.5-3B,100,100,1.010079,0.08,False,0.930079,0.343706,0.656294
L3_0002,3,5,50,Qwen/Qwen2.5-3B,100,100,0.935603,0.0,False,0.935603,0.349983,0.650017
L3_0003,3,5,50,Qwen/Qwen2.5-3B,100,100,0.958234,0.0,False,0.958234,0.343565,0.656435
L3_0004,3,5,50,Qwen/Qwen2.5-3B,100,100,0.62472,0.08,False,0.54472,0.340753,0.659247
L3_0005,3,5,50,Qwen/Qwen2.5-3B,100,100,1.083415,0.0,False,1.083415,0.339246,0.660754
L3_0006,3,5,50,Qwen/Qwen2.5-3B,100,100,0.93825,0.0,False,0.93825,0.341108,0.658892
L3_0007,3,5,50,Qwen/Qwen2.5-3B,100,100,0.90992,0.0,False,0.90992,0.347633,0.652367
L3_0008,3,5,50,Qwen/Qwen2.5-3B,100,100,1.065623,0.0,False,1.065623,0.341302,0.658698
L3_0009,3,5,50,Qwen/Qwen2.5-3B,100,100,0.825045,0.0,False,0.825045,0.348756,0.651244
L3_0010,3,5,50,Qwen/Qwen2.5-3B,100,100,0.986213,0.08,False,0.906213,0.339807,0.660193
L3_0011,3,5,50,Qwen/Qwen2.5-3B,100,100,0.989932,0.08,False,0.909932,0.338598,0.661402
L3_0012,3,5,50,Qwen/Qwen2.5-3B,100,100,1.17872,0.0,False,1.17872,0.344129,0.655871
L3_0013,3,5,50,Qwen/Qwen2.5-3B,100,100,1.263298,0.0,False,1.263298,0.342229,0.657771
L3_0014,3,5,50,Qwen/Qwen2.5-3B,100,100,0.922642,0.0,False,0.922642,0.340358,0.659642
L3_0015,3,5,50,Qwen/Qwen2.5-3B,100,100,1.077983,0.0,False,1.077983,0.342639,0.657361
L3_0016,3,5,50,Qwen/Qwen2.5-3B,100,100,0.87923,0.0,False,0.87923,0.341857,0.658143
L3_0017,3,5,50,Qwen/Qwen2.5-3B,100,100,1.063117,0.08,False,0.983117,0.343076,0.656924
L3_0018,3,5,50,Qwen/Qwen2.5-3B,100,100,1.040307,0.0,False,1.040307,0.340236,0.659764
L3_0019,3,5,50,Qwen/Qwen2.5-3B,100,100,1.038462,0.08,False,0.958462,0.34047,0.65953
L3_0020,3,5,50,Qwen/Qwen2.5-3B,100,100,0.939078,0.0,False,0.939078,0.341438,0.658562
L3_0021,3,5,50,Qwen/Qwen2.5-3B,100,100,1.234024,0.0,False,1.234024,0.340846,0.659154
L3_0022,3,5,50,Qwen/Qwen2.5-3B,100,100,1.083027,0.0,False,1.083027,0.340141,0.659859
L3_0023,3,5,50,Qwen/Qwen2.5-3B,100,100,0.947259,0.08,False,0.867259,0.340095,0.659905
L3_0024,3,5,50,Qwen/Qwen2.5-3B,100,100,1.217353,0.0,False,1.217353,0.34081,0.65919
L3_0025,3,5,50,Qwen/Qwen2.5-3B,100,100,0.807345,0.0,False,0.807345,0.349521,0.650479
L3_0026,3,5,50,Qwen/Qwen2.5-3B,100,100,1.334555,0.0,False,1.334555,0.340239,0.659761
L3_0027,3,5,50,Qwen/Qwen2.5-3B,100,100,1.099952,0.0,False,1.099952,0.343338,0.656662
L3_0028,3,5,50,Qwen/Qwen2.5-3B,100,100,1.099955,0.0,False,1.099955,0.340351,0.659649
L3_0029,3,5,50,Qwen/Qwen2.5-3B,100,100,0.962089,0.0,False,0.962089,0.341427,0.658573
L3_0030,3,5,50,Qwen/Qwen2.5-3B,100,100,0.91264,0.0,False,0.91264,0.339923,0.660077
L3_0031,3,5,50,Qwen/Qwen2.5-3B,100,100,1.205481,0.08,False,1.125481,0.341352,0.658648
L3_0032,3,5,50,Qwen/Qwen2.5-3B,100,100,0.759257,0.0,False,0.759257,0.350234,0.649766
L3_0033,3,5,50,Qwen/Qwen2.5-3B,100,100,1.222506,0.08,False,1.142506,0.340646,0.659354
L3_0034,3,5,50,Qwen/Qwen2.5-3B,100,100,1.041618,0.0,False,1.041618,0.34348,0.65652
L3_0035,3,5,50,Qwen/Qwen2.5-3B,100,100,0.794798,0.0,False,0.794798,0.347656,0.652344
L3_0036,3,5,50,Qwen/Qwen2.5-3B,100,100,0.953727,0.0,False,0.953727,0.339616,0.660384
L3_0037,3,5,50,Qwen/Qwen2.5-3B,100,100,0.716094,0.0,False,0.716094,0.339483,0.660517
L3_0038,3,5,50,Qwen/Qwen2.5-3B,100,100,0.925801,0.0,False,0.925801,0.343949,0.656051
L3_0039,3,5,50,Qwen/Qwen2.5-3B,100,100,0.937375,0.0,False,0.937375,0.339964,0.660036
L3_0040,3,5,50,Qwen/Qwen2.5-3B,100,100,0.94904,0.0,False,0.94904,0.341806,0.658194
L3_0041,3,5,50,Qwen/Qwen2.5-3B,100,100,0.959991,0.0,False,0.959991,0.339931,0.660069
L3_0042,3,5,50,Qwen/Qwen2.5-3B,100,100,1.275535,0.0,False,1.275535,0.340035,0.659965
L3_0043,3,5,50,Qwen/Qwen2.5-3B,100,100,1.039862,0.0,False,1.039862,0.346978,0.653022
L3_0044,3,5,50,Qwen/Qwen2.5-3B,100,100,0.667804,0.08,False,0.587804,0.340337,0.659663
L3_0045,3,5,50,Qwen/Qwen2.5-3B,100,100,0.953214,0.08,False,0.873214,0.339975,0.660025
L3_0046,3,5,50,Qwen/Qwen2.5-3B,100,100,1.16261,0.08,False,1.08261,0.34124,0.65876
L3_0047,3,5,50,Qwen/Qwen2.5-3B,100,100,0.801143,0.0,False,0.801143,0.341648,0.658352
L3_0048,3,5,50,Qwen/Qwen2.5-3B,100,100,1.053823,0.56,False,0.493823,0.341429,0.658571
L3_0049,3,5,50,Qwen/Qwen2.5-3B,100,100,0.967782,0.0,False,0.967782,0.342772,0.657228
L3_0050,3,5,50,Qwen/Qwen2.5-3B,100,100,1.08315,0.0,False,1.08315,0.343656,0.656344
L3_0051,3,5,50,Qwen/Qwen2.5-3B,100,100,0.729833,0.0,False,0.729833,0.350782,0.649218
L3_0052,3,5,50,Qwen/Qwen2.5-3B,100,100,1.172989,0.0,False,1.172989,0.338934,0.661066
L3_0053,3,5,50,Qwen/Qwen2.5-3B,100,100,1.013948,0.0,False,1.013948,0.341262,0.658738
L3_0054,3,5,50,Qwen/Qwen2.5-3B,100,100,1.016908,0.0,False,1.016908,0.34418,0.65582
L3_0055,3,5,50,Qwen/Qwen2.5-3B,100,100,0.959981,0.08,False,0.879981,0.340453,0.659547
L3_0056,3,5,50,Qwen/Qwen2.5-3B,100,100,1.198944,0.0,False,1.198944,0.344719,0.655281
L3_0057,3,5,50,Qwen/Qwen2.5-3B,100,100,0.970971,0.08,False,0.890971,0.339699,0.660301
L3_0058,3,5,50,Qwen/Qwen2.5-3B,100,100,0.922652,0.08,False,0.842652,0.341414,0.658586
L3_0059,3,5,50,Qwen/Qwen2.5-3B,100,100,0.828602,0.0,False,0.828602,0.347072,0.652928
L3_0060,3,5,50,Qwen/Qwen2.5-3B,100,100,0.99219,0.0,False,0.99219,0.342132,0.657868
L3_0061,3,5,50,Qwen/Qwen2.5-3B,100,100,0.76391,0.0,False,0.76391,0.347958,0.652042
L3_0062,3,5,50,Qwen/Qwen2.5-3B,100,100,1.150705,0.0,False,1.150705,0.339748,0.660252
L3_0063,3,5,50,Qwen/Qwen2.5-3B,100,100,1.17079,0.0,False,1.17079,0.341777,0.658223
L3_0064,3,5,50,Qwen/Qwen2.5-3B,100,100,1.381099,0.0,False,1.381099,0.342167,0.657833
L3_0065,3,5,50,Qwen/Qwen2.5-3B,100,100,1.100281,0.08,False,1.020281,0.342377,0.657623
L3_0066,3,5,50,Qwen/Qwen2.5-3B,100,100,1.195517,0.08,False,1.115517,0.341254,0.658746
L3_0067,3,5,50,Qwen/Qwen2.5-3B,100,100,0.994364,0.08,False,0.914364,0.340672,0.659328
L3_0068,3,5,50,Qwen/Qwen2.5-3B,100,100,1.019759,0.0,False,1.019759,0.345589,0.654411
L3_0069,3,5,50,Qwen/Qwen2.5-3B,100,100,0.758217,0.0,False,0.758217,0.351383,0.648617
L3_0070,3,5,50,Qwen/Qwen2.5-3B,100,100,0.963056,0.08,False,0.883056,0.338863,0.661137
L3_0071,3,5,50,Qwen/Qwen2.5-3B,100,100,1.068546,0.0,False,1.068546,0.341821,0.658179
L3_0072,3,5,50,Qwen/Qwen2.5-3B,100,100,0.248448,0.0,False,0.248448,0.351824,0.648176
L3_0073,3,5,50,Qwen/Qwen2.5-3B,100,100,1.312571,0.08,False,1.232571,0.34084,0.65916
L3_0074,3,5,50,Qwen/Qwen2.5-3B,100,100,1.138845,0.0,False,1.138845,0.347181,0.652819
L4_0000,4,6,60,Qwen/Qwen2.5-3B,100,100,0.93719,0.08,False,0.85719,0.340294,0.659706
L4_0001,4,6,60,Qwen/Qwen2.5-3B,100,100,0.862555,0.0,False,0.862555,0.351069,0.648931
L4_0002,4,6,60,Qwen/Qwen2.5-3B,100,100,0.830208,0.0,False,0.830208,0.3495,0.6505
L4_0003,4,6,60,Qwen/Qwen2.5-3B,100,100,0.775273,0.08,False,0.695273,0.350447,0.649553
L4_0004,4,6,60,Qwen/Qwen2.5-3B,100,100,0.981557,0.0,False,0.981557,0.340777,0.659223
L4_0005,4,6,60,Qwen/Qwen2.5-3B,100,100,0.984079,0.08,False,0.904079,0.341062,0.658938
L4_0006,4,6,60,Qwen/Qwen2.5-3B,100,100,0.971967,0.0,False,0.971967,0.344165,0.655835
L4_0007,4,6,60,Qwen/Qwen2.5-3B,100,100,1.018961,0.08,False,0.938961,0.339931,0.660069
L4_0008,4,6,60,Qwen/Qwen2.5-3B,100,100,0.858383,0.0,False,0.858383,0.338558,0.661442
L4_0009,4,6,60,Qwen/Qwen2.5-3B,100,100,1.039271,0.0,False,1.039271,0.340439,0.659561
L4_0010,4,6,60,Qwen/Qwen2.5-3B,100,100,0.226857,0.0,False,0.226857,0.351817,0.648183
L4_0011,4,6,60,Qwen/Qwen2.5-3B,100,100,1.013116,0.08,False,0.933116,0.343285,0.656715
L4_0012,4,6,60,Qwen/Qwen2.5-3B,100,100,1.078928,0.0,False,1.078928,0.345582,0.654418
L4_0013,4,6,60,Qwen/Qwen2.5-3B,100,100,0.751713,0.08,False,0.671713,0.347196,0.652804
L4_0014,4,6,60,Qwen/Qwen2.5-3B,100,100,1.298827,0.08,False,1.218827,0.344309,0.655691
L4_0015,4,6,60,Qwen/Qwen2.5-3B,100,100,1.016139,0.0,False,1.016139,0.340453,0.659547
L4_0016,4,6,60,Qwen/Qwen2.5-3B,100,100,1.070542,0.08,False,0.990542,0.339109,0.660891
L4_0017,4,6,60,Qwen/Qwen2.5-3B,100,100,1.029849,0.0,False,1.029849,0.339974,0.660026
L4_0018,4,6,60,Qwen/Qwen2.5-3B,100,100,1.030203,0.08,False,0.950203,0.339974,0.660026
L4_0019,4,6,60,Qwen/Qwen2.5-3B,100,100,1.084472,0.0,False,1.084472,0.345166,0.654834
L4_0020,4,6,60,Qwen/Qwen2.5-3B,100,100,0.949134,0.0,False,0.949134,0.341332,0.658668
L4_0021,4,6,60,Qwen/Qwen2.5-3B,100,100,1.305908,0.0,False,1.305908,0.339413,0.660587
L4_0022,4,6,60,Qwen/Qwen2.5-3B,100,100,1.113858,0.0,False,1.113858,0.344022,0.655978
L4_0023,4,6,60,Qwen/Qwen2.5-3B,100,100,1.159761,0.0,False,1.159761,0.341271,0.658729
L4_0024,4,6,60,Qwen/Qwen2.5-3B,100,100,1.32489,0.0,False,1.32489,0.342314,0.657686
L4_0025,4,6,60,Qwen/Qwen2.5-3B,100,100,0.996479,0.0,False,0.996479,0.338496,0.661504
L4_0026,4,6,60,Qwen/Qwen2.5-3B,100,100,1.031594,0.08,False,0.951594,0.340322,0.659678
L4_0027,4,6,60,Qwen/Qwen2.5-3B,100,100,0.296683,0.0,False,0.296683,0.346732,0.653268
L4_0028,4,6,60,Qwen/Qwen2.5-3B,100,100,1.254045,0.08,False,1.174045,0.340828,0.659172
L4_0029,4,6,60,Qwen/Qwen2.5-3B,100,100,1.005187,0.0,False,1.005187,0.340112,0.659888
L4_0030,4,6,60,Qwen/Qwen2.5-3B,100,100,1.30796,0.0,False,1.30796,0.342922,0.657078
L4_0031,4,6,60,Qwen/Qwen2.5-3B,100,100,1.057143,0.0,False,1.057143,0.343589,0.656411
L4_0032,4,6,60,Qwen/Qwen2.5-3B,100,100,1.075572,0.08,False,0.995572,0.340824,0.659176
L4_0033,4,6,60,Qwen/Qwen2.5-3B,100,100,1.064675,0.4,False,0.664675,0.340307,0.659693
L4_0034,4,6,60,Qwen/Qwen2.5-3B,100,100,0.227047,0.0,False,0.227047,0.350301,0.649699
L4_0035,4,6,60,Qwen/Qwen2.5-3B,100,100,0.949514,0.08,False,0.869514,0.340711,0.659289
L4_0036,4,6,60,Qwen/Qwen2.5-3B,100,100,1.029007,0.08,False,0.949007,0.344239,0.655761
L4_0037,4,6,60,Qwen/Qwen2.5-3B,100,100,1.012721,0.08,False,0.932721,0.342715,0.657285
L4_0038,4,6,60,Qwen/Qwen2.5-3B,100,100,1.001873,0.08,False,0.921873,0.339297,0.660703
L4_0039,4,6,60,Qwen/Qwen2.5-3B,100,100,1.005104,0.08,False,0.925104,0.339023,0.660977
L4_0040,4,6,60,Qwen/Qwen2.5-3B,100,100,1.11617,0.0,False,1.11617,0.34096,0.65904
L4_0041,4,6,60,Qwen/Qwen2.5-3B,100,100,1.034605,0.08,False,0.954605,0.342033,0.657967
L4_0042,4,6,60,Qwen/Qwen2.5-3B,100,100,0.754305,0.0,False,0.754305,0.34959,0.65041
L4_0043,4,6,60,Qwen/Qwen2.5-3B,100,100,1.19392,0.0,False,1.19392,0.340108,0.659892
L4_0044,4,6,60,Qwen/Qwen2.5-3B,100,100,0.885868,0.0,False,0.885868,0.342203,0.657797
L4_0045,4,6,60,Qwen/Qwen2.5-3B,100,100,0.886875,0.08,False,0.806875,0.342239,0.657761
L4_0046,4,6,60,Qwen/Qwen2.5-3B,100,100,0.87699,0.08,False,0.79699,0.350224,0.649776
L4_0047,4,6,60,Qwen/Qwen2.5-3B,100,100,1.099082,0.0,False,1.099082,0.34339,0.65661
L4_0048,4,6,60,Qwen/Qwen2.5-3B,100,100,1.009908,0.0,False,1.009908,0.340412,0.659588
L4_0049,4,6,60,Qwen/Qwen2.5-3B,100,100,1.05355,0.0,False,1.05355,0.342058,0.657942
L4_0050,4,6,60,Qwen/Qwen2.5-3B,100,100,0.857985,0.0,False,0.857985,0.346762,0.653238
L4_0051,4,6,60,Qwen/Qwen2.5-3B,100,100,1.059477,0.0,False,1.059477,0.339398,0.660602
L4_0052,4,6,60,Qwen/Qwen2.5-3B,100,100,1.205644,0.08,False,1.125644,0.340962,0.659038
L4_0053,4,6,60,Qwen/Qwen2.5-3B,100,100,1.270804,0.0,False,1.270804,0.340428,0.659572
L4_0054,4,6,60,Qwen/Qwen2.5-3B,100,100,0.23576,0.0,False,0.23576,0.348814,0.651186
L4_0055,4,6,60,Qwen/Qwen2.5-3B,100,100,1.041547,0.0,False,1.041547,0.342059,0.657941
L4_0056,4,6,60,Qwen/Qwen2.5-3B,100,100,1.088959,0.0,False,1.088959,0.34264,0.65736
L4_0057,4,6,60,Qwen/Qwen2.5-3B,100,100,1.167655,0.0,False,1.167655,0.34061,0.65939
L4_0058,4,6,60,Qwen/Qwen2.5-3B,100,100,0.966437,0.08,False,0.886437,0.340885,0.659115
L4_0059,4,6,60,Qwen/Qwen2.5-3B,100,100,1.116882,0.0,False,1.116882,0.339571,0.660429
L4_0060,4,6,60,Qwen/Qwen2.5-3B,100,100,1.173459,0.08,False,1.093459,0.339293,0.660707
L4_0061,4,6,60,Qwen/Qwen2.5-3B,100,100,0.241777,0.0,False,0.241777,0.347676,0.652324
L4_0062,4,6,60,Qwen/Qwen2.5-3B,100,100,0.834249,0.0,False,0.834249,0.340936,0.659064
L4_0063,4,6,60,Qwen/Qwen2.5-3B,100,100,0.824445,0.0,False,0.824445,0.348383,0.651617
L4_0064,4,6,60,Qwen/Qwen2.5-3B,100,100,0.973485,0.08,False,0.893485,0.339495,0.660505
L4_0065,4,6,60,Qwen/Qwen2.5-3B,100,100,0.33572,0.0,False,0.33572,0.345685,0.654315
L4_0066,4,6,60,Qwen/Qwen2.5-3B,100,100,0.799406,0.0,False,0.799406,0.34963,0.65037
L4_0067,4,6,60,Qwen/Qwen2.5-3B,100,100,0.791698,0.0,False,0.791698,0.350393,0.649607
L4_0068,4,6,60,Qwen/Qwen2.5-3B,100,100,1.057666,0.08,False,0.977666,0.343517,0.656483
L4_0069,4,6,60,Qwen/Qwen2.5-3B,100,100,0.295006,0.0,False,0.295006,0.346094,0.653906
L4_0070,4,6,60,Qwen/Qwen2.5-3B,100,100,1.138559,0.0,False,1.138559,0.341779,0.658221
L4_0071,4,6,60,Qwen/Qwen2.5-3B,100,100,1.190858,0.08,False,1.110858,0.341036,0.658964
L4_0072,4,6,60,Qwen/Qwen2.5-3B,100,100,1.057443,0.0,False,1.057443,0.343275,0.656725
L4_0073,4,6,60,Qwen/Qwen2.5-3B,100,100,1.276262,0.0,False,1.276262,0.343809,0.656191
L4_0074,4,6,60,Qwen/Qwen2.5-3B,100,100,0.281779,0.0,False,0.281779,0.345129,0.654871
L1_0000,1,3,24,Qwen/Qwen2.5-1.5B,100,100,0.644655,0.0,False,0.644655,0.413196,0.586804
L1_0001,1,3,24,Qwen/Qwen2.5-1.5B,100,100,0.413851,0.0,False,0.413851,0.442952,0.557048
L1_0002,1,3,24,Qwen/Qwen2.5-1.5B,100,100,1.121192,0.0,False,1.121192,0.348124,0.651876
L1_0003,1,3,24,Qwen/Qwen2.5-1.5B,100,100,0.788402,0.0,False,0.788402,0.523064,0.476936
L1_0004,1,3,24,Qwen/Qwen2.5-1.5B,100,100,0.97992,0.0,False,0.97992,0.344617,0.655383
L1_0005,1,3,24,Qwen/Qwen2.5-1.5B,100,100,1.09037,0.0,False,1.09037,0.341572,0.658428
L1_0006,1,3,24,Qwen/Qwen2.5-1.5B,100,100,1.402184,0.0,False,1.402184,0.344552,0.655448
L1_0007,1,3,24,Qwen/Qwen2.5-1.5B,100,100,0.89023,0.08,False,0.81023,0.361251,0.638749
L1_0008,1,3,24,Qwen/Qwen2.5-1.5B,100,100,1.030831,0.0,False,1.030831,0.345181,0.654819
L1_0009,1,3,24,Qwen/Qwen2.5-1.5B,100,100,1.396822,0.0,False,1.396822,0.344163,0.655837
L1_0010,1,3,24,Qwen/Qwen2.5-1.5B,100,100,0.992119,0.0,False,0.992119,0.345348,0.654652
L1_0011,1,3,24,Qwen/Qwen2.5-1.5B,100,100,1.105045,0.0,False,1.105045,0.344907,0.655093
L1_0012,1,3,24,Qwen/Qwen2.5-1.5B,100,100,1.085166,0.0,False,1.085166,0.380462,0.619538
L1_0013,1,3,24,Qwen/Qwen2.5-1.5B,100,100,1.133805,0.0,False,1.133805,0.454828,0.545172
L1_0014,1,3,24,Qwen/Qwen2.5-1.5B,100,100,1.099439,0.0,False,1.099439,0.346342,0.653658
L1_0015,1,3,24,Qwen/Qwen2.5-1.5B,100,100,1.003933,0.0,False,1.003933,0.425107,0.574893
L1_0016,1,3,24,Qwen/Qwen2.5-1.5B,100,100,1.405525,0.0,False,1.405525,0.343079,0.656921
L1_0017,1,3,24,Qwen/Qwen2.5-1.5B,100,100,1.342344,0.0,False,1.342344,0.347446,0.652554
L1_0018,1,3,24,Qwen/Qwen2.5-1.5B,100,100,1.003318,0.0,False,1.003318,0.401944,0.598056
L1_0019,1,3,24,Qwen/Qwen2.5-1.5B,100,100,0.918332,0.0,False,0.918332,0.417807,0.582193
L1_0020,1,3,24,Qwen/Qwen2.5-1.5B,100,100,0.56092,0.0,False,0.56092,0.3746,0.6254
L1_0021,1,3,24,Qwen/Qwen2.5-1.5B,100,100,1.177967,0.0,False,1.177967,0.43702,0.56298
L1_0022,1,3,24,Qwen/Qwen2.5-1.5B,100,100,0.944478,0.0,False,0.944478,0.404323,0.595677
L1_0023,1,3,24,Qwen/Qwen2.5-1.5B,100,100,1.130867,0.0,False,1.130867,0.351401,0.648599
L1_0024,1,3,24,Qwen/Qwen2.5-1.5B,100,100,1.079118,0.0,False,1.079118,0.344531,0.655469
L1_0025,1,3,24,Qwen/Qwen2.5-1.5B,100,100,1.052172,0.0,False,1.052172,0.352533,0.647467
L1_0026,1,3,24,Qwen/Qwen2.5-1.5B,100,100,0.959943,0.0,False,0.959943,0.402143,0.597857
L1_0027,1,3,24,Qwen/Qwen2.5-1.5B,100,100,1.007574,0.0,False,1.007574,0.341984,0.658016
L1_0028,1,3,24,Qwen/Qwen2.5-1.5B,100,100,1.176579,0.0,False,1.176579,0.380923,0.619077
L1_0029,1,3,24,Qwen/Qwen2.5-1.5B,100,100,1.431044,0.0,False,1.431044,0.344977,0.655023
L1_0030,1,3,24,Qwen/Qwen2.5-1.5B,100,100,1.273209,0.08,False,1.193209,0.346027,0.653973
L1_0031,1,3,24,Qwen/Qwen2.5-1.5B,100,100,1.113137,0.0,False,1.113137,0.346101,0.653899
L1_0032,1,3,24,Qwen/Qwen2.5-1.5B,100,100,1.014574,0.0,False,1.014574,0.34203,0.65797
L1_0033,1,3,24,Qwen/Qwen2.5-1.5B,100,100,0.51218,0.0,False,0.51218,0.385321,0.614679
L1_0034,1,3,24,Qwen/Qwen2.5-1.5B,100,100,1.047915,0.0,False,1.047915,0.358304,0.641696
L1_0035,1,3,24,Qwen/Qwen2.5-1.5B,100,100,1.144946,0.08,False,1.064946,0.373333,0.626667
L1_0036,1,3,24,Qwen/Qwen2.5-1.5B,100,100,1.038864,0.0,False,1.038864,0.359982,0.640018
L1_0037,1,3,24,Qwen/Qwen2.5-1.5B,100,100,1.027516,0.0,False,1.027516,0.343228,0.656772
L1_0038,1,3,24,Qwen/Qwen2.5-1.5B,100,100,0.973523,0.0,False,0.973523,0.35404,0.64596
L1_0039,1,3,24,Qwen/Qwen2.5-1.5B,100,100,1.260637,0.0,False,1.260637,0.358689,0.641311
L1_0040,1,3,24,Qwen/Qwen2.5-1.5B,100,100,1.236102,0.0,False,1.236102,0.344134,0.655866
L1_0041,1,3,24,Qwen/Qwen2.5-1.5B,100,100,1.1072,0.0,False,1.1072,0.347248,0.652752
L1_0042,1,3,24,Qwen/Qwen2.5-1.5B,100,100,0.63548,0.0,False,0.63548,0.378594,0.621406
L1_0043,1,3,24,Qwen/Qwen2.5-1.5B,100,100,1.106606,0.0,False,1.106606,0.349471,0.650529
L1_0044,1,3,24,Qwen/Qwen2.5-1.5B,100,100,0.992244,0.08,False,0.912244,0.344993,0.655007
L1_0045,1,3,24,Qwen/Qwen2.5-1.5B,100,100,1.24919,0.0,False,1.24919,0.362923,0.637077
L1_0046,1,3,24,Qwen/Qwen2.5-1.5B,100,100,0.600578,0.0,False,0.600578,0.364467,0.635533
L1_0047,1,3,24,Qwen/Qwen2.5-1.5B,100,100,0.964296,0.0,False,0.964296,0.352234,0.647766
L1_0048,1,3,24,Qwen/Qwen2.5-1.5B,100,100,1.029251,0.0,False,1.029251,0.349499,0.650501
L1_0049,1,3,24,Qwen/Qwen2.5-1.5B,100,100,1.098953,0.0,False,1.098953,0.350203,0.649797
L1_0050,1,3,24,Qwen/Qwen2.5-1.5B,100,100,1.16258,0.08,False,1.08258,0.358344,0.641656
L1_0051,1,3,24,Qwen/Qwen2.5-1.5B,100,100,1.02817,0.08,False,0.94817,0.343369,0.656631
L1_0052,1,3,24,Qwen/Qwen2.5-1.5B,100,100,0.9572,0.0,False,0.9572,0.348349,0.651651
L1_0053,1,3,24,Qwen/Qwen2.5-1.5B,100,100,1.421515,0.0,False,1.421515,0.343962,0.656038
L1_0054,1,3,24,Qwen/Qwen2.5-1.5B,100,100,1.318647,0.0,False,1.318647,0.343638,0.656362
L1_0055,1,3,24,Qwen/Qwen2.5-1.5B,100,100,1.290055,0.0,False,1.290055,0.345232,0.654768
L1_0056,1,3,24,Qwen/Qwen2.5-1.5B,100,100,0.906441,0.0,False,0.906441,0.352641,0.647359
L1_0057,1,3,24,Qwen/Qwen2.5-1.5B,100,100,1.358199,0.4,False,0.958199,0.360346,0.639654
L1_0058,1,3,24,Qwen/Qwen2.5-1.5B,100,100,1.140414,0.0,False,1.140414,0.351152,0.648848
L1_0059,1,3,24,Qwen/Qwen2.5-1.5B,100,100,1.102403,0.0,False,1.102403,0.342411,0.657589
L1_0060,1,3,24,Qwen/Qwen2.5-1.5B,100,100,1.124868,0.0,False,1.124868,0.349004,0.650996
L1_0061,1,3,24,Qwen/Qwen2.5-1.5B,100,100,1.124868,0.0,False,1.124868,0.375636,0.624364
L1_0062,1,3,24,Qwen/Qwen2.5-1.5B,100,100,1.289751,0.0,False,1.289751,0.342882,0.657118
L1_0063,1,3,24,Qwen/Qwen2.5-1.5B,100,100,1.172945,0.08,False,1.092945,0.343379,0.656621
L1_0064,1,3,24,Qwen/Qwen2.5-1.5B,100,100,1.297041,0.0,False,1.297041,0.368368,0.631632
L1_0065,1,3,24,Qwen/Qwen2.5-1.5B,100,100,0.909117,0.0,False,0.909117,0.413404,0.586596
L1_0066,1,3,24,Qwen/Qwen2.5-1.5B,100,100,1.013762,0.0,False,1.013762,0.344966,0.655034
L1_0067,1,3,24,Qwen/Qwen2.5-1.5B,100,100,0.597246,0.0,False,0.597246,0.380507,0.619493
L1_0068,1,3,24,Qwen/Qwen2.5-1.5B,100,100,1.129724,0.96,False,0.169724,0.367984,0.632016
L1_0069,1,3,24,Qwen/Qwen2.5-1.5B,100,100,0.512724,0.0,False,0.512724,0.359474,0.640526
L1_0070,1,3,24,Qwen/Qwen2.5-1.5B,100,100,1.218573,0.08,False,1.138573,0.35482,0.64518
L1_0071,1,3,24,Qwen/Qwen2.5-1.5B,100,100,1.002039,0.08,False,0.922039,0.347649,0.652351
L1_0072,1,3,24,Qwen/Qwen2.5-1.5B,100,100,1.112355,0.0,False,1.112355,0.348699,0.651301
L1_0073,1,3,24,Qwen/Qwen2.5-1.5B,100,100,1.092035,0.0,False,1.092035,0.344834,0.655166
L1_0074,1,3,24,Qwen/Qwen2.5-1.5B,100,100,1.139709,0.0,False,1.139709,0.349903,0.650097
L2_0000,2,4,40,Qwen/Qwen2.5-1.5B,100,100,0.826457,0.08,False,0.746457,0.356107,0.643893
L2_0001,2,4,40,Qwen/Qwen2.5-1.5B,100,100,1.67203,0.0,False,1.67203,0.35992,0.64008
L2_0002,2,4,40,Qwen/Qwen2.5-1.5B,100,100,1.070712,0.0,False,1.070712,0.34364,0.65636
L2_0003,2,4,40,Qwen/Qwen2.5-1.5B,100,100,0.947571,0.0,False,0.947571,0.346674,0.653326
L2_0004,2,4,40,Qwen/Qwen2.5-1.5B,100,100,1.216381,0.08,False,1.136381,0.353385,0.646615
L2_0005,2,4,40,Qwen/Qwen2.5-1.5B,100,100,1.008894,0.0,False,1.008894,0.422925,0.577075
L2_0006,2,4,40,Qwen/Qwen2.5-1.5B,100,100,1.001824,0.0,False,1.001824,0.338114,0.661886
L2_0007,2,4,40,Qwen/Qwen2.5-1.5B,100,100,1.359437,0.08,False,1.279437,0.346554,0.653446
L2_0008,2,4,40,Qwen/Qwen2.5-1.5B,100,100,1.210932,0.0,False,1.210932,0.368124,0.631876
L2_0009,2,4,40,Qwen/Qwen2.5-1.5B,100,100,1.175956,0.0,False,1.175956,0.347138,0.652862
L2_0010,2,4,40,Qwen/Qwen2.5-1.5B,100,100,1.427197,0.0,False,1.427197,0.350956,0.649044
L2_0011,2,4,40,Qwen/Qwen2.5-1.5B,100,100,1.440607,0.0,False,1.440607,0.34789,0.65211
L2_0012,2,4,40,Qwen/Qwen2.5-1.5B,100,100,0.920715,0.08,False,0.840715,0.354137,0.645863
L2_0013,2,4,40,Qwen/Qwen2.5-1.5B,100,100,1.078758,0.0,False,1.078758,0.345892,0.654108
L2_0014,2,4,40,Qwen/Qwen2.5-1.5B,100,100,0.99289,0.0,False,0.99289,0.395326,0.604674
L2_0015,2,4,40,Qwen/Qwen2.5-1.5B,100,100,1.092774,0.08,False,1.012774,0.349059,0.650941
L2_0016,2,4,40,Qwen/Qwen2.5-1.5B,100,100,1.002247,0.0,False,1.002247,0.349528,0.650472
L2_0017,2,4,40,Qwen/Qwen2.5-1.5B,100,100,1.091959,0.0,False,1.091959,0.343937,0.656063
L2_0018,2,4,40,Qwen/Qwen2.5-1.5B,100,100,1.117027,0.0,False,1.117027,0.353739,0.646261
L2_0019,2,4,40,Qwen/Qwen2.5-1.5B,100,100,0.969163,0.0,False,0.969163,0.392424,0.607576
L2_0020,2,4,40,Qwen/Qwen2.5-1.5B,100,100,1.14408,0.0,False,1.14408,0.392747,0.607253
L2_0021,2,4,40,Qwen/Qwen2.5-1.5B,100,100,0.954661,0.0,False,0.954661,0.347855,0.652145
L2_0022,2,4,40,Qwen/Qwen2.5-1.5B,100,100,1.426239,0.0,False,1.426239,0.341728,0.658272
L2_0023,2,4,40,Qwen/Qwen2.5-1.5B,100,100,1.102277,0.0,False,1.102277,0.350056,0.649944
L2_0024,2,4,40,Qwen/Qwen2.5-1.5B,100,100,0.999998,0.08,False,0.919998,0.384814,0.615186
L2_0025,2,4,40,Qwen/Qwen2.5-1.5B,100,100,1.334116,0.08,False,1.254116,0.355692,0.644308
L2_0026,2,4,40,Qwen/Qwen2.5-1.5B,100,100,1.336271,0.08,False,1.256271,0.353693,0.646307
L2_0027,2,4,40,Qwen/Qwen2.5-1.5B,100,100,1.405846,0.0,False,1.405846,0.345686,0.654314
L2_0028,2,4,40,Qwen/Qwen2.5-1.5B,100,100,1.105571,0.0,False,1.105571,0.340061,0.659939
L2_0029,2,4,40,Qwen/Qwen2.5-1.5B,100,100,0.99501,0.0,False,0.99501,0.348354,0.651646
L2_0030,2,4,40,Qwen/Qwen2.5-1.5B,100,100,0.94358,0.4,False,0.54358,0.345722,0.654278
L2_0031,2,4,40,Qwen/Qwen2.5-1.5B,100,100,1.024866,0.0,False,1.024866,0.346247,0.653753
L2_0032,2,4,40,Qwen/Qwen2.5-1.5B,100,100,1.257331,0.08,False,1.177331,0.360257,0.639743
L2_0033,2,4,40,Qwen/Qwen2.5-1.5B,100,100,1.128912,0.0,False,1.128912,0.349777,0.650223
L2_0034,2,4,40,Qwen/Qwen2.5-1.5B,100,100,1.066723,0.0,False,1.066723,0.354735,0.645265
L2_0035,2,4,40,Qwen/Qwen2.5-1.5B,100,100,1.260447,0.0,False,1.260447,0.342049,0.657951
L2_0036,2,4,40,Qwen/Qwen2.5-1.5B,100,100,1.1464,0.0,False,1.1464,0.390341,0.609659
L2_0037,2,4,40,Qwen/Qwen2.5-1.5B,100,100,1.158044,0.0,False,1.158044,0.345475,0.654525
L2_0038,2,4,40,Qwen/Qwen2.5-1.5B,100,100,1.230807,0.08,False,1.150807,0.360557,0.639443
L2_0039,2,4,40,Qwen/Qwen2.5-1.5B,100,100,1.0966,0.0,False,1.0966,0.34404,0.65596
L2_0040,2,4,40,Qwen/Qwen2.5-1.5B,100,100,1.160157,0.08,False,1.080157,0.352464,0.647536
L2_0041,2,4,40,Qwen/Qwen2.5-1.5B,100,100,1.017282,0.0,False,1.017282,0.355552,0.644448
L2_0042,2,4,40,Qwen/Qwen2.5-1.5B,100,100,1.162621,1.04,False,0.122621,0.344438,0.655562
L2_0043,2,4,40,Qwen/Qwen2.5-1.5B,100,100,0.537047,0.0,False,0.537047,0.37337,0.62663
L2_0044,2,4,40,Qwen/Qwen2.5-1.5B,100,100,1.141438,0.0,False,1.141438,0.365374,0.634626
L2_0045,2,4,40,Qwen/Qwen2.5-1.5B,100,100,1.345735,0.0,False,1.345735,0.343648,0.656352
L2_0046,2,4,40,Qwen/Qwen2.5-1.5B,100,100,1.08613,0.0,False,1.08613,0.343421,0.656579
L2_0047,2,4,40,Qwen/Qwen2.5-1.5B,100,100,1.202468,0.08,False,1.122468,0.348835,0.651165
L2_0048,2,4,40,Qwen/Qwen2.5-1.5B,100,100,1.271763,0.08,False,1.191763,0.347179,0.652821
L2_0049,2,4,40,Qwen/Qwen2.5-1.5B,100,100,1.256859,0.0,False,1.256859,0.343598,0.656402
L2_0050,2,4,40,Qwen/Qwen2.5-1.5B,100,100,0.856497,0.08,False,0.776497,0.356915,0.643085
L2_0051,2,4,40,Qwen/Qwen2.5-1.5B,100,100,1.268866,0.08,False,1.188866,0.346721,0.653279
L2_0052,2,4,40,Qwen/Qwen2.5-1.5B,100,100,1.095653,0.0,False,1.095653,0.343499,0.656501
L2_0053,2,4,40,Qwen/Qwen2.5-1.5B,100,100,1.050955,0.08,False,0.970955,0.353161,0.646839
L2_0054,2,4,40,Qwen/Qwen2.5-1.5B,100,100,0.604,0.0,False,0.604,0.357145,0.642855
L2_0055,2,4,40,Qwen/Qwen2.5-1.5B,100,100,0.532783,0.0,False,0.532783,0.365104,0.634896
L2_0056,2,4,40,Qwen/Qwen2.5-1.5B,100,100,1.049665,0.0,False,1.049665,0.387782,0.612218
L2_0057,2,4,40,Qwen/Qwen2.5-1.5B,100,100,1.175889,0.0,False,1.175889,0.441941,0.558059
L2_0058,2,4,40,Qwen/Qwen2.5-1.5B,100,100,1.077712,0.08,False,0.997712,0.349633,0.650367
L2_0059,2,4,40,Qwen/Qwen2.5-1.5B,100,100,1.429355,0.0,False,1.429355,0.352172,0.647828
L2_0060,2,4,40,Qwen/Qwen2.5-1.5B,100,100,1.144352,0.08,False,1.064352,0.359073,0.640927
L2_0061,2,4,40,Qwen/Qwen2.5-1.5B,100,100,1.023889,0.0,False,1.023889,0.346503,0.653497
L2_0062,2,4,40,Qwen/Qwen2.5-1.5B,100,100,1.290782,0.0,False,1.290782,0.347589,0.652411
L2_0063,2,4,40,Qwen/Qwen2.5-1.5B,100,100,1.06264,0.08,False,0.98264,0.344843,0.655157
L2_0064,2,4,40,Qwen/Qwen2.5-1.5B,100,100,1.007249,0.0,False,1.007249,0.348783,0.651217
L2_0065,2,4,40,Qwen/Qwen2.5-1.5B,100,100,1.267719,0.08,False,1.187719,0.346816,0.653184
L2_0066,2,4,40,Qwen/Qwen2.5-1.5B,100,100,1.418986,0.08,False,1.338986,0.348402,0.651598
L2_0067,2,4,40,Qwen/Qwen2.5-1.5B,100,100,0.983221,0.08,False,0.903221,0.352421,0.647579
L2_0068,2,4,40,Qwen/Qwen2.5-1.5B,100,100,0.817343,0.08,False,0.737343,0.362079,0.637921
L2_0069,2,4,40,Qwen/Qwen2.5-1.5B,100,100,1.152126,0.64,False,0.512126,0.364928,0.635072
L2_0070,2,4,40,Qwen/Qwen2.5-1.5B,100,100,1.228585,0.08,False,1.148585,0.345831,0.654169
L2_0071,2,4,40,Qwen/Qwen2.5-1.5B,100,100,1.096731,0.0,False,1.096731,0.354228,0.645772
L2_0072,2,4,40,Qwen/Qwen2.5-1.5B,100,100,0.826408,0.08,False,0.746408,0.354429,0.645571
L2_0073,2,4,40,Qwen/Qwen2.5-1.5B,100,100,1.317053,0.0,False,1.317053,0.352108,0.647892
L2_0074,2,4,40,Qwen/Qwen2.5-1.5B,100,100,1.038346,0.0,False,1.038346,0.34652,0.65348
L3_0000,3,5,50,Qwen/Qwen2.5-1.5B,100,100,1.140088,0.0,False,1.140088,0.351187,0.648813
L3_0001,3,5,50,Qwen/Qwen2.5-1.5B,100,100,1.157379,0.08,False,1.077379,0.374097,0.625903
L3_0002,3,5,50,Qwen/Qwen2.5-1.5B,100,100,1.18365,0.0,False,1.18365,0.395343,0.604657
L3_0003,3,5,50,Qwen/Qwen2.5-1.5B,100,100,1.296111,0.0,False,1.296111,0.362711,0.637289
L3_0004,3,5,50,Qwen/Qwen2.5-1.5B,100,100,0.92964,0.08,False,0.84964,0.367548,0.632452
L3_0005,3,5,50,Qwen/Qwen2.5-1.5B,100,100,1.319231,0.0,False,1.319231,0.34158,0.65842
L3_0006,3,5,50,Qwen/Qwen2.5-1.5B,100,100,0.953577,0.0,False,0.953577,0.347942,0.652058
L3_0007,3,5,50,Qwen/Qwen2.5-1.5B,100,100,1.12864,0.0,False,1.12864,0.374976,0.625024
L3_0008,3,5,50,Qwen/Qwen2.5-1.5B,100,100,1.05878,0.0,False,1.05878,0.347043,0.652957
L3_0009,3,5,50,Qwen/Qwen2.5-1.5B,100,100,1.080083,0.0,False,1.080083,0.377218,0.622782
L3_0010,3,5,50,Qwen/Qwen2.5-1.5B,100,100,0.969228,0.08,False,0.889228,0.347143,0.652857
L3_0011,3,5,50,Qwen/Qwen2.5-1.5B,100,100,0.995627,0.08,False,0.915627,0.34931,0.65069
L3_0012,3,5,50,Qwen/Qwen2.5-1.5B,100,100,1.306365,0.0,False,1.306365,0.343033,0.656967
L3_0013,3,5,50,Qwen/Qwen2.5-1.5B,100,100,1.040523,0.0,False,1.040523,0.344606,0.655394
L3_0014,3,5,50,Qwen/Qwen2.5-1.5B,100,100,0.960882,0.0,False,0.960882,0.357819,0.642181
L3_0015,3,5,50,Qwen/Qwen2.5-1.5B,100,100,1.07867,0.0,False,1.07867,0.351684,0.648316
L3_0016,3,5,50,Qwen/Qwen2.5-1.5B,100,100,0.993442,0.0,False,0.993442,0.354405,0.645595
L3_0017,3,5,50,Qwen/Qwen2.5-1.5B,100,100,1.13671,0.08,False,1.05671,0.348955,0.651045
L3_0018,3,5,50,Qwen/Qwen2.5-1.5B,100,100,1.097281,0.0,False,1.097281,0.346531,0.653469
L3_0019,3,5,50,Qwen/Qwen2.5-1.5B,100,100,1.406355,0.08,False,1.326355,0.358871,0.641129
L3_0020,3,5,50,Qwen/Qwen2.5-1.5B,100,100,1.116134,0.0,False,1.116134,0.344606,0.655394
L3_0021,3,5,50,Qwen/Qwen2.5-1.5B,100,100,1.437848,0.0,False,1.437848,0.348657,0.651343
L3_0022,3,5,50,Qwen/Qwen2.5-1.5B,100,100,1.291835,0.0,False,1.291835,0.347478,0.652522
L3_0023,3,5,50,Qwen/Qwen2.5-1.5B,100,100,0.973101,0.08,False,0.893101,0.3488,0.6512
L3_0024,3,5,50,Qwen/Qwen2.5-1.5B,100,100,1.420564,0.0,False,1.420564,0.350849,0.649151
L3_0025,3,5,50,Qwen/Qwen2.5-1.5B,100,100,1.005577,0.0,False,1.005577,0.396747,0.603253
L3_0026,3,5,50,Qwen/Qwen2.5-1.5B,100,100,1.305428,0.0,False,1.305428,0.341566,0.658434
L3_0027,3,5,50,Qwen/Qwen2.5-1.5B,100,100,1.006285,0.0,False,1.006285,0.343464,0.656536
L3_0028,3,5,50,Qwen/Qwen2.5-1.5B,100,100,1.391758,0.0,False,1.391758,0.351593,0.648407
L3_0029,3,5,50,Qwen/Qwen2.5-1.5B,100,100,1.36147,0.0,False,1.36147,0.350722,0.649278
L3_0030,3,5,50,Qwen/Qwen2.5-1.5B,100,100,0.963622,0.0,False,0.963622,0.353508,0.646492
L3_0031,3,5,50,Qwen/Qwen2.5-1.5B,100,100,1.060161,0.08,False,0.980161,0.363489,0.636511
L3_0032,3,5,50,Qwen/Qwen2.5-1.5B,100,100,1.020951,0.0,False,1.020951,0.407635,0.592365
L3_0033,3,5,50,Qwen/Qwen2.5-1.5B,100,100,1.05929,0.08,False,0.97929,0.345438,0.654562
L3_0034,3,5,50,Qwen/Qwen2.5-1.5B,100,100,1.412157,0.0,False,1.412157,0.343642,0.656358
L3_0035,3,5,50,Qwen/Qwen2.5-1.5B,100,100,0.965962,0.0,False,0.965962,0.40485,0.59515
L3_0036,3,5,50,Qwen/Qwen2.5-1.5B,100,100,1.00467,0.0,False,1.00467,0.354237,0.645763
L3_0037,3,5,50,Qwen/Qwen2.5-1.5B,100,100,0.836652,0.0,False,0.836652,0.357944,0.642056
L3_0038,3,5,50,Qwen/Qwen2.5-1.5B,100,100,1.166856,0.0,False,1.166856,0.395292,0.604708
L3_0039,3,5,50,Qwen/Qwen2.5-1.5B,100,100,0.974088,0.0,False,0.974088,0.354059,0.645941
L3_0040,3,5,50,Qwen/Qwen2.5-1.5B,100,100,1.234851,0.0,False,1.234851,0.377304,0.622696
L3_0041,3,5,50,Qwen/Qwen2.5-1.5B,100,100,0.994875,0.0,False,0.994875,0.352019,0.647981
L3_0042,3,5,50,Qwen/Qwen2.5-1.5B,100,100,1.292415,0.0,False,1.292415,0.351837,0.648163
L3_0043,3,5,50,Qwen/Qwen2.5-1.5B,100,100,1.316123,0.0,False,1.316123,0.350769,0.649231
L3_0044,3,5,50,Qwen/Qwen2.5-1.5B,100,100,0.957791,0.08,False,0.877791,0.365407,0.634593
L3_0045,3,5,50,Qwen/Qwen2.5-1.5B,100,100,0.977661,0.08,False,0.897661,0.347613,0.652387
L3_0046,3,5,50,Qwen/Qwen2.5-1.5B,100,100,1.17426,0.08,False,1.09426,0.344406,0.655594
L3_0047,3,5,50,Qwen/Qwen2.5-1.5B,100,100,0.915285,0.0,False,0.915285,0.357188,0.642812
L3_0048,3,5,50,Qwen/Qwen2.5-1.5B,100,100,0.946159,0.56,False,0.386159,0.362903,0.637097
L3_0049,3,5,50,Qwen/Qwen2.5-1.5B,100,100,1.426152,0.0,False,1.426152,0.364788,0.635212
L3_0050,3,5,50,Qwen/Qwen2.5-1.5B,100,100,1.086995,0.0,False,1.086995,0.361934,0.638066
L3_0051,3,5,50,Qwen/Qwen2.5-1.5B,100,100,0.951331,0.0,False,0.951331,0.387408,0.612592
L3_0052,3,5,50,Qwen/Qwen2.5-1.5B,100,100,1.190776,0.0,False,1.190776,0.341931,0.658069
L3_0053,3,5,50,Qwen/Qwen2.5-1.5B,100,100,1.007989,0.0,False,1.007989,0.352109,0.647891
L3_0054,3,5,50,Qwen/Qwen2.5-1.5B,100,100,1.029103,0.0,False,1.029103,0.344021,0.655979
L3_0055,3,5,50,Qwen/Qwen2.5-1.5B,100,100,1.062614,0.08,False,0.982614,0.345684,0.654316
L3_0056,3,5,50,Qwen/Qwen2.5-1.5B,100,100,1.349676,0.0,False,1.349676,0.342871,0.657129
L3_0057,3,5,50,Qwen/Qwen2.5-1.5B,100,100,0.985976,0.08,False,0.905976,0.341429,0.658571
L3_0058,3,5,50,Qwen/Qwen2.5-1.5B,100,100,0.969685,0.08,False,0.889685,0.350553,0.649447
L3_0059,3,5,50,Qwen/Qwen2.5-1.5B,100,100,0.995042,0.0,False,0.995042,0.397491,0.602509
L3_0060,3,5,50,Qwen/Qwen2.5-1.5B,100,100,1.046527,0.0,False,1.046527,0.357341,0.642659
L3_0061,3,5,50,Qwen/Qwen2.5-1.5B,100,100,0.992334,0.0,False,0.992334,0.387034,0.612966
L3_0062,3,5,50,Qwen/Qwen2.5-1.5B,100,100,1.506999,0.0,False,1.506999,0.350394,0.649606
L3_0063,3,5,50,Qwen/Qwen2.5-1.5B,100,100,1.434373,0.0,False,1.434373,0.346611,0.653389
L3_0064,3,5,50,Qwen/Qwen2.5-1.5B,100,100,1.178853,0.0,False,1.178853,0.345133,0.654867
L3_0065,3,5,50,Qwen/Qwen2.5-1.5B,100,100,1.282065,0.08,False,1.202065,0.380733,0.619267
L3_0066,3,5,50,Qwen/Qwen2.5-1.5B,100,100,1.224771,0.08,False,1.144771,0.348348,0.651652
L3_0067,3,5,50,Qwen/Qwen2.5-1.5B,100,100,1.27658,0.08,False,1.19658,0.346021,0.653979
L3_0068,3,5,50,Qwen/Qwen2.5-1.5B,100,100,1.362899,0.0,False,1.362899,0.359334,0.640666
L3_0069,3,5,50,Qwen/Qwen2.5-1.5B,100,100,0.975703,0.0,False,0.975703,0.40087,0.59913
L3_0070,3,5,50,Qwen/Qwen2.5-1.5B,100,100,1.01605,0.08,False,0.93605,0.348534,0.651466
L3_0071,3,5,50,Qwen/Qwen2.5-1.5B,100,100,1.010528,0.0,False,1.010528,0.354954,0.645046
L3_0072,3,5,50,Qwen/Qwen2.5-1.5B,100,100,0.559447,0.0,False,0.559447,0.361741,0.638259
L3_0073,3,5,50,Qwen/Qwen2.5-1.5B,100,100,1.458706,0.08,False,1.378706,0.352575,0.647425
L3_0074,3,5,50,Qwen/Qwen2.5-1.5B,100,100,1.182428,0.0,False,1.182428,0.367493,0.632507
L4_0000,4,6,60,Qwen/Qwen2.5-1.5B,100,100,0.955798,0.08,False,0.875798,0.356339,0.643661
L4_0001,4,6,60,Qwen/Qwen2.5-1.5B,100,100,1.012468,0.0,False,1.012468,0.384358,0.615642
L4_0002,4,6,60,Qwen/Qwen2.5-1.5B,100,100,1.027616,0.0,False,1.027616,0.426619,0.573381
L4_0003,4,6,60,Qwen/Qwen2.5-1.5B,100,100,1.026854,0.08,False,0.946854,0.392662,0.607338
L4_0004,4,6,60,Qwen/Qwen2.5-1.5B,100,100,1.185586,0.0,False,1.185586,0.347469,0.652531
L4_0005,4,6,60,Qwen/Qwen2.5-1.5B,100,100,1.143517,0.08,False,1.063517,0.343458,0.656542
L4_0006,4,6,60,Qwen/Qwen2.5-1.5B,100,100,0.941465,0.0,False,0.941465,0.340572,0.659428
L4_0007,4,6,60,Qwen/Qwen2.5-1.5B,100,100,0.982055,0.08,False,0.902055,0.348033,0.651967
L4_0008,4,6,60,Qwen/Qwen2.5-1.5B,100,100,0.88475,0.0,False,0.88475,0.356491,0.643509
L4_0009,4,6,60,Qwen/Qwen2.5-1.5B,100,100,1.103152,0.0,False,1.103152,0.34539,0.65461
L4_0010,4,6,60,Qwen/Qwen2.5-1.5B,100,100,0.527042,0.0,False,0.527042,0.346401,0.653599
L4_0011,4,6,60,Qwen/Qwen2.5-1.5B,100,100,1.51647,0.08,False,1.43647,0.372284,0.627716
L4_0012,4,6,60,Qwen/Qwen2.5-1.5B,100,100,1.118532,0.0,False,1.118532,0.343551,0.656449
L4_0013,4,6,60,Qwen/Qwen2.5-1.5B,100,100,1.022486,0.08,False,0.942486,0.378033,0.621967
L4_0014,4,6,60,Qwen/Qwen2.5-1.5B,100,100,1.326013,0.08,False,1.246013,0.353986,0.646014
L4_0015,4,6,60,Qwen/Qwen2.5-1.5B,100,100,1.00867,0.0,False,1.00867,0.343164,0.656836
L4_0016,4,6,60,Qwen/Qwen2.5-1.5B,100,100,1.295158,0.08,False,1.215158,0.344198,0.655802
L4_0017,4,6,60,Qwen/Qwen2.5-1.5B,100,100,0.963667,0.0,False,0.963667,0.346048,0.653952
L4_0018,4,6,60,Qwen/Qwen2.5-1.5B,100,100,1.104396,0.08,False,1.024396,0.341162,0.658838
L4_0019,4,6,60,Qwen/Qwen2.5-1.5B,100,100,1.139646,0.0,False,1.139646,0.342975,0.657025
L4_0020,4,6,60,Qwen/Qwen2.5-1.5B,100,100,1.208497,0.0,False,1.208497,0.348331,0.651669
L4_0021,4,6,60,Qwen/Qwen2.5-1.5B,100,100,1.289502,0.0,False,1.289502,0.350838,0.649162
L4_0022,4,6,60,Qwen/Qwen2.5-1.5B,100,100,1.421267,0.0,False,1.421267,0.34343,0.65657
L4_0023,4,6,60,Qwen/Qwen2.5-1.5B,100,100,1.455242,0.0,False,1.455242,0.359449,0.640551
L4_0024,4,6,60,Qwen/Qwen2.5-1.5B,100,100,1.253289,0.0,False,1.253289,0.345475,0.654525
L4_0025,4,6,60,Qwen/Qwen2.5-1.5B,100,100,1.050877,0.0,False,1.050877,0.344731,0.655269
L4_0026,4,6,60,Qwen/Qwen2.5-1.5B,100,100,1.100904,0.08,False,1.020904,0.345639,0.654361
L4_0027,4,6,60,Qwen/Qwen2.5-1.5B,100,100,0.568829,0.0,False,0.568829,0.355987,0.644013
L4_0028,4,6,60,Qwen/Qwen2.5-1.5B,100,100,1.191195,0.08,False,1.111195,0.362484,0.637516
L4_0029,4,6,60,Qwen/Qwen2.5-1.5B,100,100,1.412265,0.0,False,1.412265,0.360193,0.639807
L4_0030,4,6,60,Qwen/Qwen2.5-1.5B,100,100,1.118739,0.0,False,1.118739,0.342725,0.657275
L4_0031,4,6,60,Qwen/Qwen2.5-1.5B,100,100,1.435784,0.0,False,1.435784,0.342672,0.657328
L4_0032,4,6,60,Qwen/Qwen2.5-1.5B,100,100,1.10546,0.08,False,1.02546,0.345547,0.654453
L4_0033,4,6,60,Qwen/Qwen2.5-1.5B,100,100,1.030838,0.4,False,0.630838,0.347853,0.652147
L4_0034,4,6,60,Qwen/Qwen2.5-1.5B,100,100,0.587376,0.0,False,0.587376,0.35122,0.64878
L4_0035,4,6,60,Qwen/Qwen2.5-1.5B,100,100,1.299268,0.08,False,1.219268,0.35289,0.64711
L4_0036,4,6,60,Qwen/Qwen2.5-1.5B,100,100,1.382978,0.08,False,1.302978,0.35664,0.64336
L4_0037,4,6,60,Qwen/Qwen2.5-1.5B,100,100,1.164146,0.08,False,1.084146,0.358643,0.641357
L4_0038,4,6,60,Qwen/Qwen2.5-1.5B,100,100,1.071194,0.08,False,0.991194,0.342442,0.657558
L4_0039,4,6,60,Qwen/Qwen2.5-1.5B,100,100,1.018292,0.08,False,0.938292,0.342699,0.657301
L4_0040,4,6,60,Qwen/Qwen2.5-1.5B,100,100,1.17069,0.0,False,1.17069,0.345561,0.654439
L4_0041,4,6,60,Qwen/Qwen2.5-1.5B,100,100,1.151535,0.08,False,1.071535,0.352843,0.647157
L4_0042,4,6,60,Qwen/Qwen2.5-1.5B,100,100,0.983375,0.0,False,0.983375,0.392698,0.607302
L4_0043,4,6,60,Qwen/Qwen2.5-1.5B,100,100,1.02122,0.0,False,1.02122,0.345579,0.654421
L4_0044,4,6,60,Qwen/Qwen2.5-1.5B,100,100,0.976716,0.0,False,0.976716,0.375991,0.624009
L4_0045,4,6,60,Qwen/Qwen2.5-1.5B,100,100,1.222056,0.08,False,1.142056,0.354434,0.645566
L4_0046,4,6,60,Qwen/Qwen2.5-1.5B,100,100,1.011179,0.08,False,0.931179,0.401518,0.598482
L4_0047,4,6,60,Qwen/Qwen2.5-1.5B,100,100,1.085423,0.0,False,1.085423,0.344527,0.655473
L4_0048,4,6,60,Qwen/Qwen2.5-1.5B,100,100,1.000211,0.0,False,1.000211,0.350632,0.649368
L4_0049,4,6,60,Qwen/Qwen2.5-1.5B,100,100,1.013891,0.0,False,1.013891,0.347304,0.652696
L4_0050,4,6,60,Qwen/Qwen2.5-1.5B,100,100,0.924618,0.0,False,0.924618,0.404789,0.595211
L4_0051,4,6,60,Qwen/Qwen2.5-1.5B,100,100,1.124255,0.0,False,1.124255,0.341046,0.658954
L4_0052,4,6,60,Qwen/Qwen2.5-1.5B,100,100,1.306723,0.08,False,1.226723,0.342038,0.657962
L4_0053,4,6,60,Qwen/Qwen2.5-1.5B,100,100,1.127029,0.0,False,1.127029,0.345703,0.654297
L4_0054,4,6,60,Qwen/Qwen2.5-1.5B,100,100,0.406786,0.0,False,0.406786,0.346681,0.653319
L4_0055,4,6,60,Qwen/Qwen2.5-1.5B,100,100,1.246431,0.0,False,1.246431,0.347552,0.652448
L4_0056,4,6,60,Qwen/Qwen2.5-1.5B,100,100,1.192644,0.0,False,1.192644,0.349263,0.650737
L4_0057,4,6,60,Qwen/Qwen2.5-1.5B,100,100,1.239978,0.0,False,1.239978,0.362587,0.637413
L4_0058,4,6,60,Qwen/Qwen2.5-1.5B,100,100,1.183735,0.08,False,1.103735,0.35237,0.64763
L4_0059,4,6,60,Qwen/Qwen2.5-1.5B,100,100,1.144919,0.0,False,1.144919,0.345194,0.654806
L4_0060,4,6,60,Qwen/Qwen2.5-1.5B,100,100,1.00192,0.08,False,0.92192,0.340858,0.659142
L4_0061,4,6,60,Qwen/Qwen2.5-1.5B,100,100,0.475719,0.0,False,0.475719,0.350952,0.649048
L4_0062,4,6,60,Qwen/Qwen2.5-1.5B,100,100,0.960695,0.0,False,0.960695,0.352175,0.647825
L4_0063,4,6,60,Qwen/Qwen2.5-1.5B,100,100,0.98631,0.0,False,0.98631,0.401056,0.598944
L4_0064,4,6,60,Qwen/Qwen2.5-1.5B,100,100,1.03312,0.08,False,0.95312,0.352647,0.647353
L4_0065,4,6,60,Qwen/Qwen2.5-1.5B,100,100,0.50875,0.0,False,0.50875,0.355471,0.644529
L4_0066,4,6,60,Qwen/Qwen2.5-1.5B,100,100,1.154898,0.0,False,1.154898,0.38086,0.61914
L4_0067,4,6,60,Qwen/Qwen2.5-1.5B,100,100,0.987908,0.0,False,0.987908,0.401763,0.598237
L4_0068,4,6,60,Qwen/Qwen2.5-1.5B,100,100,1.182356,0.08,False,1.102356,0.384466,0.615534
L4_0069,4,6,60,Qwen/Qwen2.5-1.5B,100,100,0.526678,0.0,False,0.526678,0.364538,0.635462
L4_0070,4,6,60,Qwen/Qwen2.5-1.5B,100,100,1.197367,0.0,False,1.197367,0.35378,0.64622
L4_0071,4,6,60,Qwen/Qwen2.5-1.5B,100,100,1.254943,0.08,False,1.174943,0.355069,0.644931
L4_0072,4,6,60,Qwen/Qwen2.5-1.5B,100,100,1.123382,0.0,False,1.123382,0.348471,0.651529
L4_0073,4,6,60,Qwen/Qwen2.5-1.5B,100,100,1.117721,0.0,False,1.117721,0.346345,0.653655
L4_0074,4,6,60,Qwen/Qwen2.5-1.5B,100,100,0.494466,0.0,False,0.494466,0.355853,0.644147
